,City,Country,Lat,Long,Max Temp,Humidity,Cloudiness,Wind Speed,Current Weather
0,Los Llanos De Aridane,ES,28.6585,-17.9182,66.2,72,75,16.11,broken clouds
1,Ushuaia,AR,-54.8,-68.3,51.8,62,20,26.46,few clouds
2,Marin,US,38.0666,-122.7344,50.0,93,90,4.65,overcast clouds
3,Tautira,PF,-17.7333,-149.15,78.8,69,75,5.75,light rain
4,Mataura,NZ,-46.1927,168.8643,48.0,80,50,8.01,scattered clouds
5,Arraial Do Cabo,BR,-22.9661,-42.0278,93.2,48,0,19.57,clear sky
6,Iqaluit,CA,63.7506,-68.5145,-9.0,70,20,16.11,snow
7,Mar Del Plata,AR,-38.0023,-57.5575,64.4,55,90,23.02,overcast clouds
8,Meulaboh,ID,4.1363,96.1285,76.37,82,78,4.56,moderate rain
9,Baruun-Urt,MN,46.6806,113.2792,-0.85,93,82,4.34,broken clouds
10,Penzance,GB,50.1186,-5.5371,50.0,93,90,26.46,overcast clouds
11,Zaysan,KZ,47.4667,84.8667,-0.78,86,74,2.17,broken clouds
12,Portland,US,45.5234,-122.6762,45.0,81,90,19.57,overcast clouds
13,Dehloran,IR,32.6941,47.2679,52.97,48,3,10.31,clear sky
14,Ayan,RU,56.45,138.1667,-4.07,83,100,3.02,overcast clouds
15,Severo-Kurilsk,RU,50.6789,156.125,23.54,96,100,29.64,snow
16,Merritt Island,US,28.5392,-80.672,71.6,46,75,6.91,broken clouds
17,Bredasdorp,ZA,-34.5322,20.0403,71.01,77,0,5.01,clear sky
18,Vaini,TO,-21.2,-175.2,73.4,94,90,4.61,light rain
19,Auki,SB,-8.7676,160.7034,79.3,85,98,10.0,overcast clouds
20,Cherskiy,RU,68.75,161.3,-35.07,83,5,3.8,clear sky
21,Yaan,NG,7.3833,8.5667,94.93,10,0,4.92,clear sky
22,Cape Town,ZA,-33.9258,18.4232,75.99,60,20,12.66,few clouds
23,Vestmannaeyjar,IS,63.4427,-20.2734,32.0,80,75,12.66,broken clouds
24,Faanui,PF,-16.4833,-151.75,80.44,69,70,1.86,broken clouds
25,Northam,GB,51.0333,-4.2167,42.01,93,100,15.99,light rain
26,Hilo,US,19.7297,-155.09,66.2,94,90,5.75,moderate rain
27,Abeche,TD,13.8292,20.8324,81.66,16,0,9.8,clear sky
28,Ruidoso,US,33.3317,-105.673,37.4,32,1,10.36,clear sky
29,Port Elizabeth,ZA,-33.918,25.5701,69.8,78,0,10.36,clear sky
30,Kodiak,US,57.79,-152.4072,32.0,55,1,25.32,clear sky
31,Oxbow,CA,49.2333,-102.1676,19.99,93,100,3.0,overcast clouds
32,Bubaque,GW,11.2833,-15.8333,80.73,56,0,12.53,clear sky
33,Punta Arenas,CL,-53.15,-70.9167,57.2,51,40,27.63,scattered clouds
34,Jijiga,ET,9.35,42.8,64.67,40,0,11.86,clear sky
35,Cidreira,BR,-30.1811,-50.2056,85.26,67,35,8.57,scattered clouds
36,Ponta Do Sol,PT,32.6667,-17.1,64.0,73,39,5.01,scattered clouds
37,Mayna,RU,54.1135,47.6231,20.5,97,45,8.75,scattered clouds
38,Mahebourg,MU,-20.4081,57.7,78.8,89,75,5.75,broken clouds
39,Kloulklubed,PW,7.0419,134.2556,78.8,83,75,6.91,broken clouds
40,Rikitea,PF,-23.1203,-134.9692,79.07,74,74,10.8,light rain
41,Souillac,MU,-20.5167,57.5167,78.8,89,75,5.75,broken clouds
42,Qaanaaq,GL,77.484,-69.3632,-5.24,72,99,1.83,overcast clouds
43,Sibolga,ID,1.7427,98.7792,77.04,83,100,3.2,overcast clouds
44,Narsaq,GL,60.9167,-46.05,41.0,30,75,35.68,broken clouds
45,Kashi,CN,39.4547,75.9797,24.8,58,0,6.71,clear sky
46,Placido De Castro,BR,-10.3353,-67.1856,81.39,89,83,3.18,broken clouds
47,New Norfolk,AU,-42.7826,147.0587,53.01,67,7,2.53,clear sky
48,Albany,US,42.6001,-73.9662,17.01,49,0,3.0,clear sky
49,Lagoa,PT,39.05,-27.9833,62.37,90,8,31.09,clear sky
50,Hermanus,ZA,-34.4187,19.2345,71.01,77,0,5.01,clear sky
51,Shimoda,JP,34.6667,138.95,35.01,76,0,1.99,clear sky
52,Jamestown,US,42.097,-79.2353,25.0,79,90,4.9,light snow
53,Kavieng,PG,-2.5744,150.7967,82.31,77,41,14.34,scattered clouds
54,East London,ZA,-33.0153,27.9116,73.4,78,40,8.05,scattered clouds
55,Consett,GB,54.854,-1.8316,36.0,79,94,6.96,overcast clouds
56,Roebourne,AU,-20.7833,117.1333,85.06,57,88,11.21,light rain
57,Mahibadhoo,MV,3.7833,72.9667,81.25,74,0,11.68,clear sky
58,Makakilo City,US,21.3469,-158.0858,71.6,83,1,3.44,light rain
59,Tuktoyaktuk,CA,69.4541,-133.0374,-36.4,67,40,3.44,scattered clouds
60,Loandjili,CG,-4.7561,11.8578,84.2,89,75,9.22,broken clouds
61,Nhlangano,SZ,-27.1167,31.2,69.42,97,91,3.33,moderate rain
62,San Patricio,US,28.017,-97.5169,75.2,69,75,27.63,broken clouds
63,Nouadhibou,MR,20.931,-17.0347,87.8,19,68,12.66,broken clouds
64,Vinh,VN,18.6667,105.6667,65.25,91,91,2.84,overcast clouds
65,Nikolskoye,RU,59.7035,30.7861,28.0,100,90,4.47,light snow
66,Hithadhoo,MV,-0.6,73.0833,82.89,75,78,13.2,broken clouds
67,Buchanan,LR,5.8808,-10.0467,84.2,74,75,4.61,light rain
68,Port Alfred,ZA,-33.5906,26.891,69.01,86,0,4.14,clear sky
69,Skegness,GB,53.1436,0.3363,37.4,75,75,19.57,broken clouds
70,Codrington,AU,-38.2667,141.9667,55.89,81,20,4.72,few clouds
71,Rawa Mazowiecka,PL,51.7644,20.2549,30.0,10,98,12.28,overcast clouds
72,Hobart,AU,-42.8794,147.3294,53.01,82,1,4.61,clear sky
73,Deputatskiy,RU,69.3,139.9,-32.35,86,97,1.86,overcast clouds
74,Yumen,CN,40.2833,97.2,24.51,73,0,24.2,clear sky
75,Yamada,JP,39.4667,141.95,25.0,89,4,6.08,clear sky
76,Leningradskiy,RU,69.3833,178.4167,-26.91,84,82,2.08,broken clouds
77,Shiyan,CN,32.6475,110.7781,47.17,51,68,1.3,broken clouds
78,Beaufort,MY,5.3473,115.7455,80.01,89,40,3.44,scattered clouds
79,Ancud,CL,-41.8697,-73.8203,66.2,48,0,6.91,clear sky
80,Esperance,AU,-33.8667,121.9,59.0,82,0,12.66,clear sky
81,Tutoia,BR,-2.7619,-42.2744,89.6,62,20,21.85,few clouds
82,Bluff,NZ,-46.6,168.3333,48.0,80,59,8.01,broken clouds
83,Popondetta,PG,-8.7537,148.2534,76.32,92,100,2.93,moderate rain
84,Gaoual,GN,11.75,-13.2,103.51,7,0,5.44,clear sky
85,Port Lincoln,AU,-34.7333,135.8667,59.63,81,9,12.73,clear sky
86,Micheweni,TZ,-4.9667,39.8333,80.4,78,90,13.2,overcast clouds
87,Itaituba,BR,-4.2761,-55.9836,86.0,70,75,3.44,broken clouds
88,Saskylakh,RU,71.9167,114.0833,-38.56,78,35,7.99,scattered clouds
89,Viedma,AR,-40.8135,-62.9967,75.99,29,60,11.21,broken clouds
90,Thompson,CA,55.7435,-97.8558,12.2,85,90,3.06,light snow
91,Lompoc,US,34.6391,-120.4579,48.0,93,1,4.61,clear sky
92,Kalmunai,LK,7.4167,81.8167,77.7,84,77,6.44,broken clouds
93,Yellowknife,CA,62.456,-114.3525,-16.01,76,40,5.75,scattered clouds
94,Olafsvik,IS,64.8945,-23.7142,23.52,91,36,20.65,scattered clouds
95,Pointe Michel,DM,15.25,-61.3833,82.4,74,75,6.91,broken clouds
96,Airai,TL,-8.9266,125.4092,61.68,100,100,5.01,overcast clouds
97,Okhotsk,RU,59.3833,143.3,-12.23,79,0,15.48,clear sky
98,Tiksi,RU,71.6872,128.8694,-26.36,86,100,5.57,overcast clouds
99,Krasnoselkup,RU,65.7,82.4667,-33.3,78,36,8.03,scattered clouds
100,Kapaa,US,22.0752,-159.319,71.6,88,40,17.27,moderate rain
101,Ninotsminda,GE,41.2646,43.5916,24.8,68,20,8.05,few clouds
102,Castro,BR,-24.7911,-50.0119,72.63,86,90,5.97,overcast clouds
103,Bethel,US,41.3712,-73.414,21.99,45,1,8.05,clear sky
104,Touros,BR,-5.1989,-35.4608,87.8,55,40,13.8,scattered clouds
105,Khatanga,RU,71.9667,102.5,-45.35,77,4,1.59,clear sky
106,Busselton,AU,-33.65,115.3333,68.0,64,0,1.99,clear sky
107,Faya,SA,18.3851,42.4509,60.8,63,0,4.61,clear sky
108,Maceio,BR,-9.6658,-35.7353,84.2,70,75,12.66,broken clouds
109,Hualmay,PE,-11.0964,-77.6139,75.69,64,82,9.95,broken clouds
110,Yashkino,RU,55.8736,85.4265,-27.0,75,0,2.24,clear sky
111,New York,US,40.7143,-74.006,28.4,50,1,6.91,clear sky
112,Chernyshevskiy,RU,63.0128,112.4714,-34.37,84,100,4.52,overcast clouds
113,Bemidji,US,47.4736,-94.8803,26.01,86,90,9.22,overcast clouds
114,Tuatapere,NZ,-46.1333,167.6833,48.0,80,69,8.01,broken clouds
115,Upernavik,GL,72.7868,-56.1549,-9.78,86,2,7.78,clear sky
116,Laredo,US,27.5064,-99.5075,71.6,73,20,12.66,few clouds
117,Ketchikan,US,55.3422,-131.6461,35.6,93,90,6.91,light rain
118,Ozinki,RU,51.1786,49.6769,23.27,96,93,11.65,overcast clouds
119,Ribeira Grande,PT,38.5167,-28.7,64.4,88,75,17.27,broken clouds
120,Avera,US,33.194,-82.5271,50.0,40,1,9.22,clear sky
121,Rockland,US,41.1668,-74.0496,26.01,49,0,8.28,clear sky
122,Ilulissat,GL,69.2167,-51.1,3.2,60,40,8.05,scattered clouds
123,Atuona,PF,-9.8,-139.0333,78.44,77,38,17.0,light rain
124,Nevelsk,RU,46.6733,141.8633,10.4,85,75,4.47,broken clouds
125,Yabrud,SY,33.9674,36.6574,44.6,87,75,11.5,broken clouds
126,Lerik,AZ,38.7726,48.4128,44.6,100,90,3.44,overcast clouds
127,Mut,TR,36.6439,33.4389,46.76,79,100,10.09,moderate rain
128,Carnarvon,AU,-24.8667,113.6333,82.4,65,30,10.36,scattered clouds
129,Linjiang,CN,41.8069,126.9078,1.47,86,16,1.54,few clouds
130,San Quintin,MX,30.4833,-115.95,57.83,55,3,4.07,clear sky
131,Castrillon,ES,43.3979,-6.7922,51.8,66,40,23.02,scattered clouds
132,Den Helder,NL,52.9599,4.7593,33.01,80,90,13.8,overcast clouds
133,Laguna,US,38.421,-121.4238,48.99,87,90,3.44,overcast clouds
134,Kaitangata,NZ,-46.2817,169.8464,45.0,91,20,1.99,few clouds
135,Dikson,RU,73.5069,80.5464,-35.57,82,29,9.35,scattered clouds
136,Ploemeur,FR,47.7333,-3.4333,51.8,93,90,23.02,light rain
137,Georgetown,MY,5.4112,100.3354,82.0,83,20,2.42,few clouds
138,Butaritari,KI,3.0707,172.7902,80.69,78,94,17.05,overcast clouds
139,Amboise,FR,47.4125,0.9827,51.01,93,90,13.8,overcast clouds
140,Arman,RU,59.7,150.1667,-16.58,77,11,16.24,few clouds
141,Belyy Yar,RU,53.6039,91.3903,-16.6,69,0,6.71,clear sky
142,Tasiilaq,GL,65.6145,-37.6368,15.8,41,75,17.27,broken clouds
143,Te Anau,NZ,-45.4167,167.7167,43.03,86,54,1.59,broken clouds
144,Nemuro,JP,43.3236,145.575,22.05,92,100,15.75,overcast clouds
145,Puerto Ayora,EC,-0.7393,-90.3518,84.2,70,0,14.97,clear sky
146,Katsuura,JP,35.1333,140.3,41.0,70,20,5.75,few clouds
147,Nkhotakota,MW,-12.9274,34.2961,77.07,75,72,2.37,light rain
148,La Rioja,ES,42.25,-2.5,41.0,87,22,4.0,few clouds
149,Saint-Pierre,RE,-21.3393,55.4781,80.6,65,0,9.22,light rain
150,Neka,IR,36.6508,53.299,50.65,81,71,2.66,broken clouds
151,Kruisfontein,ZA,-34.0033,24.7314,71.01,70,0,5.01,clear sky
152,Basco,PH,20.4487,121.9702,69.87,72,33,24.47,scattered clouds
153,Ambon,ID,-3.6954,128.1814,78.8,89,40,3.44,scattered clouds
154,Juan Lacaze,UY,-34.4342,-57.4381,71.6,88,90,20.71,moderate rain
155,Wilmington,US,34.2257,-77.9447,43.0,33,1,4.61,clear sky
156,Clyde River,CA,70.4692,-68.5914,-18.4,83,1,4.61,clear sky
157,Buala,SB,-8.145,159.5921,80.78,84,94,13.96,moderate rain
158,Aginskoye,RU,51.1,114.53,-18.29,86,100,2.51,overcast clouds
159,Namatanai,PG,-3.6667,152.4333,80.65,80,93,12.17,overcast clouds
160,Marsh Harbour,BS,26.5412,-77.0636,65.62,60,53,11.56,broken clouds
161,Awbari,LY,26.5921,12.7805,61.72,31,0,4.83,clear sky
162,Hobara,JP,37.8167,140.55,28.99,91,78,4.41,light snow
163,Avarua,CK,-21.2078,-159.775,77.0,94,98,1.14,overcast clouds
164,Juegang,CN,32.3174,121.1855,48.99,67,91,7.92,overcast clouds
165,Turukhansk,RU,65.8167,87.9833,-30.96,76,0,5.08,clear sky
166,Kenai,US,60.5544,-151.2583,16.0,85,1,3.44,clear sky
167,Henties Bay,NA,-22.116,14.2845,68.0,83,33,3.0,scattered clouds
168,Barrow,US,71.2906,-156.7887,-7.6,77,90,9.22,overcast clouds
169,Pevek,RU,69.7008,170.3133,-32.48,85,44,3.8,scattered clouds
170,Sur,OM,22.5667,59.5289,67.6,57,0,9.82,clear sky
171,Qui Nhon,VN,13.7667,109.2333,72.12,85,42,9.66,scattered clouds
172,Port Blair,IN,11.6667,92.75,79.68,80,1,8.14,clear sky
173,Borogontsy,RU,62.6683,131.1683,-47.18,75,94,1.01,overcast clouds
174,Maltahohe,NA,-24.8333,16.9833,89.65,10,7,7.25,clear sky
175,Saint Anthony,US,45.0205,-93.218,30.99,64,90,8.05,light snow
176,Pinyug,RU,60.251,47.7842,25.68,98,100,9.69,light snow
177,Sinalunga,IT,43.2152,11.7495,54.0,72,96,8.01,overcast clouds
178,Aklavik,CA,68.2191,-135.0107,-22.0,76,75,2.3,broken clouds
179,Karpathos,GR,35.507,27.2132,64.4,52,20,34.52,few clouds
180,Barcelos,PT,41.5388,-8.6151,55.4,82,40,9.22,scattered clouds
181,Sitka,US,57.0531,-135.33,37.4,60,75,6.91,broken clouds
182,Paamiut,GL,61.994,-49.6678,31.15,87,92,8.19,overcast clouds
183,Broome,US,42.2506,-75.833,19.0,67,90,10.36,light snow
184,Yulara,AU,-25.2406,130.9889,87.8,35,90,17.27,overcast clouds
185,Omsukchan,RU,62.5333,155.8,-31.63,80,100,7.0,overcast clouds
186,Cayenne,GF,4.9333,-52.3333,80.6,89,75,10.36,broken clouds
187,Mayo,US,38.8876,-76.5119,35.01,40,1,8.05,clear sky
188,Lianran,CN,24.9227,102.485,50.0,70,0,6.71,clear sky
189,Chuy,UY,-33.6971,-53.4616,84.74,48,7,11.48,clear sky
190,Carndonagh,IE,55.25,-7.2667,37.99,75,95,16.91,overcast clouds
191,Goderich,CA,43.7501,-81.7165,26.6,68,100,5.75,overcast clouds
192,Road Town,VG,18.4167,-64.6167,75.2,94,40,6.91,scattered clouds
193,Provideniya,RU,64.3833,-173.3,-11.69,83,61,6.85,broken clouds
194,Chokurdakh,RU,70.6333,147.9167,-28.93,85,3,7.11,clear sky
195,Itarema,BR,-2.9248,-39.9167,86.94,60,78,18.1,broken clouds
196,Saint-Francois,FR,46.4154,3.9054,51.8,76,90,5.75,overcast clouds
197,Pochutla,MX,15.7432,-96.4661,89.01,48,20,11.5,few clouds
198,Kayes,ML,14.0,-11.0,99.3,7,0,5.46,clear sky
199,Pangkalanbuun,ID,-2.6833,111.6167,74.5,95,100,0.87,overcast clouds
200,Cabo San Lucas,MX,22.8909,-109.9124,73.99,60,1,3.44,clear sky
201,Cururupu,BR,-1.8283,-44.8683,87.75,59,48,8.88,scattered clouds
202,Cockburn Town,TC,21.4612,-71.1419,72.36,66,39,17.47,scattered clouds
203,Chimore,BO,-16.9833,-65.1333,79.05,93,89,3.62,overcast clouds
204,Hobyo,SO,5.3505,48.5268,76.71,74,7,15.59,clear sky
205,Manaure,CO,11.7751,-72.4445,85.24,49,12,20.58,few clouds
206,Saldanha,ZA,-33.0117,17.9442,67.3,81,0,13.49,clear sky
207,Mitu,CO,1.1983,-70.1733,81.77,88,77,3.11,broken clouds
208,Wewak,PG,-3.5534,143.6268,79.27,83,100,10.22,light rain
209,Zemio,CF,5.0314,25.1361,84.0,22,5,4.9,clear sky
210,Pisco,PE,-13.7,-76.2167,77.0,78,0,11.5,clear sky
211,Bengkulu,ID,-3.8004,102.2655,75.81,88,100,6.93,overcast clouds
212,Grindavik,IS,63.8424,-22.4338,26.6,74,40,20.71,scattered clouds
213,Kwinana,AU,-32.25,115.7667,75.99,40,0,14.97,clear sky
214,Pangnirtung,CA,66.1451,-65.7125,-11.2,84,1,4.61,clear sky
215,San Fernando,PH,15.0286,120.6898,68.0,77,75,3.44,broken clouds
216,Tres Picos,MX,15.8667,-93.5333,87.4,40,97,2.66,overcast clouds
217,Naze,JP,28.3667,129.4833,51.26,67,0,8.75,clear sky
218,Marsala,IT,37.7966,12.4352,57.2,94,40,9.22,scattered clouds
219,Sayansk,RU,54.1088,102.1648,-18.99,86,100,14.32,overcast clouds
220,Monterey,US,36.2505,-121.2516,45.0,1,51,3.0,broken clouds
221,Mecca,SA,21.4267,39.8261,71.08,36,5,8.01,clear sky
222,Sao Paulo De Olivenca,BR,-3.3783,-68.8725,92.57,47,9,4.92,clear sky
223,Lahan,NP,26.7296,86.4951,53.78,45,0,2.55,clear sky
224,La Ronge,CA,55.1001,-105.2842,8.6,85,52,1.77,broken clouds
225,Bria,CF,6.5423,21.9863,86.23,18,0,4.83,clear sky
226,Lavrentiya,RU,65.5833,-171.0,-19.25,83,0,6.73,clear sky
227,Ajaccio,FR,42.0,8.9167,57.2,88,90,13.8,moderate rain
228,Norman Wells,CA,65.282,-126.8329,-27.4,68,75,2.3,broken clouds
229,Torbay,CA,47.6666,-52.7314,30.99,86,90,18.41,overcast clouds
230,San Jose De Sisa,PE,-6.6167,-76.6915,91.4,49,40,11.5,scattered clouds
231,Palmer,US,42.1584,-72.3287,21.0,41,20,4.61,few clouds
232,Otane,NZ,-39.8833,176.6333,46.99,90,7,3.53,clear sky
233,Ponta Delgada,PT,37.7333,-25.6667,64.99,94,40,16.11,scattered clouds
234,Qazax,AZ,41.0933,45.3661,42.75,71,57,3.4,broken clouds
235,Sarakhs,IR,36.5449,61.1577,59.0,36,0,7.27,clear sky
236,Port Hedland,AU,-20.3167,118.5667,84.2,74,94,9.22,moderate rain
237,Lorengau,PG,-2.0226,147.2712,81.9,81,100,12.68,overcast clouds
238,Rio Grande,BR,-32.035,-52.0986,84.2,74,75,11.5,broken clouds
239,Fort-Shevchenko,KZ,44.5086,50.263,36.68,81,100,13.38,overcast clouds
240,Rocha,UY,-34.4833,-54.3333,84.7,38,80,15.59,moderate rain
241,Ostrovnoy,RU,68.0531,39.5131,11.64,95,100,11.43,light snow
242,Hambantota,LK,6.1241,81.1185,78.17,83,90,11.77,overcast clouds
243,Vytegra,RU,61.0064,36.4481,21.9,97,95,7.14,overcast clouds
244,Sept-Iles,CA,50.2001,-66.3821,18.0,52,24,6.91,few clouds
245,Palora,EC,-1.7,-77.9333,71.6,83,90,4.61,light rain
246,Gazli,UZ,40.1333,63.45,52.25,42,94,11.16,overcast clouds
247,Gornyak,RU,50.9942,81.4661,8.26,90,0,3.6,clear sky
248,Ahipara,NZ,-35.1667,173.1667,55.22,79,0,4.94,clear sky
249,Coquimbo,CL,-29.9533,-71.3436,68.0,73,20,14.97,few clouds
250,Talnakh,RU,69.4865,88.3972,-30.91,71,0,5.64,clear sky
251,Rio Gallegos,AR,-51.6226,-69.2181,64.4,34,75,18.41,broken clouds
252,Lebu,CL,-37.6167,-73.65,62.31,70,4,9.33,clear sky
253,Dubti,ET,11.7361,41.0853,77.27,20,0,3.51,clear sky
254,Beringovskiy,RU,63.05,179.3167,-12.86,89,100,14.94,overcast clouds
255,Nago,JP,26.5881,127.9761,59.0,81,75,5.75,broken clouds
256,Ko Samui,TH,9.5357,99.9357,80.51,73,19,9.98,few clouds
257,Key Largo,US,25.0865,-80.4473,71.01,61,40,7.0,scattered clouds
258,Grand Gaube,MU,-20.0064,57.6608,79.0,81,0,3.0,clear sky
259,Sonthofen,DE,47.5167,10.2833,37.99,90,100,1.99,light rain
260,Conceicao Do Araguaia,BR,-8.2578,-49.2647,87.73,58,100,5.99,overcast clouds
261,Buraydah,SA,26.326,43.975,57.2,54,0,4.61,clear sky
262,Yerbogachen,RU,61.2767,108.0108,-40.92,80,87,4.32,overcast clouds
263,Riyadh,SA,24.6877,46.7219,62.6,29,0,8.05,clear sky
264,Victoria,HK,22.2855,114.1577,62.01,77,1,16.87,clear sky
265,Nalut,LY,30.3333,10.85,62.22,29,0,7.49,clear sky
266,Soe,ID,-9.8607,124.284,68.25,100,100,8.3,overcast clouds
267,Saint-Philippe,RE,-21.3585,55.7679,80.6,65,0,9.22,light rain
268,Curup,ID,-3.4667,102.5333,67.82,94,100,2.91,overcast clouds
269,Samarkand,UZ,39.6542,66.9597,53.6,43,40,4.61,scattered clouds
270,Siniscola,IT,40.5719,9.6922,62.6,63,20,11.5,few clouds
271,Kualakapuas,ID,-3.0091,114.3876,77.0,100,75,1.01,broken clouds
272,Kahului,US,20.8947,-156.47,68.0,94,40,11.5,light rain
273,Batagay-Alyta,RU,67.8006,130.4114,-32.15,81,100,1.41,overcast clouds
274,Dingle,PH,10.9995,122.6711,71.74,90,99,10.31,overcast clouds
275,Casablanca,MA,33.5928,-7.6192,60.8,72,75,4.61,broken clouds
276,Nuuk,GL,64.1835,-51.7216,21.2,73,20,8.05,few clouds
277,Iracoubo,GF,5.4802,-53.2011,79.47,87,85,14.5,overcast clouds
278,Impfondo,CG,1.6381,18.0667,79.43,73,97,3.44,moderate rain
279,Salalah,OM,17.0151,54.0924,73.4,56,20,3.44,few clouds
280,Vardo,NO,70.3705,31.1107,30.2,86,75,24.16,light snow
281,Quatre Cocos,MU,-20.2078,57.7625,79.0,89,75,5.75,broken clouds
282,Christchurch,NZ,-43.5333,172.6333,55.99,93,5,5.75,clear sky
283,Tonk,IN,26.1667,75.7833,54.46,36,0,1.83,clear sky
284,Sioux Lookout,CA,50.1001,-91.917,21.2,79,90,8.05,light snow
285,Muroto,JP,33.2833,134.15,46.92,62,1,10.22,clear sky
286,Lakeway,US,30.3638,-97.9796,66.99,80,92,19.06,overcast clouds
287,Waingapu,ID,-9.6567,120.2641,77.52,86,100,16.98,overcast clouds
288,Manbij,SY,36.5281,37.9549,41.0,100,90,4.61,overcast clouds
289,Aksu,CN,41.1231,80.2644,21.54,79,0,1.59,clear sky
290,Alice Springs,AU,-23.7,133.8833,86.0,32,90,14.97,overcast clouds
291,Conde,BR,-7.2597,-34.9075,87.8,58,40,14.97,scattered clouds
292,Muscat,OM,23.6139,58.5922,66.2,72,0,1.14,clear sky
293,Isangel,VU,-19.55,169.2667,76.17,78,7,9.28,clear sky
294,Ambilobe,MG,-13.2,49.05,75.92,90,80,1.41,light rain
295,Rock Sound,BS,24.9,-76.2,68.09,63,87,15.05,overcast clouds
296,Teluknaga,ID,-6.0989,106.6381,77.0,94,40,3.44,heavy intensity rain
297,Fortuna,US,40.5982,-124.1573,50.0,71,90,23.02,overcast clouds
298,Hovd,MN,48.0056,91.6419,12.13,81,0,1.32,clear sky
299,Qasigiannguit,GL,68.8193,-51.1922,3.2,60,40,8.05,scattered clouds
300,Eston,CA,51.1501,-108.7514,1.99,85,90,8.05,mist
301,Hofn,IS,64.2539,-15.2082,23.27,87,95,21.21,overcast clouds
302,Miles City,US,46.4083,-105.8406,26.6,86,90,8.05,light snow
303,Araouane,ML,18.9048,-3.5265,83.3,13,26,7.07,scattered clouds
304,Matagami,CA,49.7502,-77.6328,-2.2,84,90,6.91,light snow
305,Gonzalez,US,30.5816,-87.2914,64.4,55,1,13.8,clear sky
306,Svetlogorsk,BY,52.6333,29.7333,23.02,98,100,3.98,light snow
307,Rabo De Peixe,PT,37.8,-25.5833,64.99,94,40,16.11,scattered clouds
308,Dongsheng,CN,39.8161,109.9776,21.25,77,0,14.92,clear sky
309,Jiazi,CN,22.8779,116.067,56.01,86,0,12.57,clear sky
310,Asau,RO,46.4333,26.4,39.2,70,0,3.44,clear sky
311,Aldan,RU,58.6031,125.3894,-39.73,79,98,3.04,overcast clouds
312,Brae,GB,60.3964,-1.353,33.8,86,40,9.22,scattered clouds
313,Santa Lucia,ES,27.9117,-15.5407,69.01,68,40,28.77,scattered clouds
314,Quelimane,MZ,-17.8786,36.8883,84.2,74,75,9.22,broken clouds
315,Santa Maria,BR,-29.6842,-53.8069,84.2,74,75,5.75,broken clouds
316,Adrar,MR,20.5022,-10.0711,84.4,13,31,11.59,scattered clouds
317,Dali,CN,25.7,100.1833,44.11,75,1,5.26,clear sky
318,Yantongshan,CN,43.2919,126.0094,-9.31,86,1,3.33,clear sky
319,Arlit,NE,18.7369,7.3853,77.68,14,22,9.28,few clouds
320,Whitecourt,CA,54.1502,-115.6855,-9.4,84,20,1.92,few clouds
321,Cabedelo,BR,-6.9811,-34.8339,87.8,58,40,14.97,scattered clouds
322,Warrington,GB,53.3925,-2.5802,39.99,70,20,21.85,few clouds
323,Chumikan,RU,54.7183,135.315,-13.49,82,100,21.45,overcast clouds
324,Guaratuba,BR,-25.8828,-48.5747,89.6,94,90,8.05,light intensity drizzle
325,Mount Gambier,AU,-37.8333,140.7667,53.6,87,5,5.75,clear sky
326,Hojai,IN,26.0,92.8667,64.51,48,88,0.74,overcast clouds
327,Iquique,CL,-20.2208,-70.1431,73.4,56,0,16.11,clear sky
328,Antofagasta,CL,-23.65,-70.4,73.99,60,20,12.66,few clouds
329,Otradnoye,RU,59.7775,30.8181,28.0,100,90,4.47,snow
330,Okitipupa,NG,6.5047,4.7839,85.19,65,0,8.1,clear sky
331,Kindu,CD,-2.95,25.95,78.31,71,100,1.61,light rain
332,Inuvik,CA,68.3499,-133.7218,-29.2,75,100,1.14,overcast clouds
333,Kamenka,RU,51.3223,42.7678,34.0,95,91,8.21,overcast clouds
334,Trincomalee,LK,8.5711,81.2335,79.34,83,61,13.6,broken clouds
335,Altamont,US,42.2068,-121.7372,35.6,69,90,13.8,overcast clouds
336,Talkha,EG,31.0539,31.3779,56.35,48,3,8.66,clear sky
337,Norsup,VU,-16.0667,167.3833,78.21,78,100,7.07,overcast clouds
338,Puerto Asis,CO,0.5133,-76.5007,89.6,48,20,10.36,few clouds
339,Padang,ID,-0.9492,100.3543,78.13,72,100,4.92,overcast clouds
340,Iberia,US,29.9502,-91.7507,68.0,82,90,11.5,overcast clouds
341,Fernie,CA,49.5,-115.0687,32.0,93,90,4.7,light snow
342,Beyneu,KZ,45.3167,55.2,33.39,93,66,4.52,broken clouds
343,Banda Aceh,ID,5.5577,95.3222,77.47,83,48,10.67,scattered clouds
344,Klaksvik,FO,62.2266,-6.589,35.6,93,75,2.3,broken clouds
345,Sailana,IN,23.4667,74.9167,58.35,33,0,9.6,clear sky
346,Bambous Virieux,MU,-20.3428,57.7575,79.0,89,75,5.75,broken clouds
347,Esna,EG,25.2934,32.554,66.2,32,0,7.56,clear sky
348,Lexington Park,US,38.2668,-76.4538,37.4,40,1,11.5,clear sky
349,Pedernales,DO,18.0384,-71.744,80.22,59,6,6.96,clear sky
350,Macapa,BR,0.0389,-51.0664,82.4,89,75,2.3,broken clouds
351,Diamantino,BR,-14.4086,-56.4461,85.8,66,51,4.07,broken clouds
352,Guerrero Negro,MX,27.9769,-114.0611,61.14,54,0,12.1,clear sky
353,Marawi,PH,7.9986,124.2928,66.54,92,99,2.39,overcast clouds
354,Ust-Ordynskiy,RU,52.805,104.7508,-0.4,65,75,20.13,snow
355,Gweru,ZW,-19.45,29.8167,68.65,89,100,4.92,moderate rain
356,Sao Filipe,CV,14.8961,-24.4956,76.91,55,100,10.76,overcast clouds
357,Belaya Gora,RU,68.5333,146.4167,-34.13,84,40,3.71,scattered clouds
358,Luderitz,NA,-26.6481,15.1594,73.74,47,0,28.3,clear sky
359,Ilheus,BR,-14.7889,-39.0494,86.0,70,40,13.8,scattered clouds
360,Malanje,AO,-9.5402,16.341,86.0,79,75,6.91,light rain
361,Zyryanka,RU,65.75,150.85,-31.85,83,100,10.85,overcast clouds
362,Muros,ES,42.7762,-9.0603,55.99,73,100,5.01,overcast clouds
363,Nanortalik,GL,60.1432,-45.2371,36.12,77,100,16.73,overcast clouds
364,Lazaro Cardenas,MX,17.9583,-102.2,84.22,51,11,5.57,few clouds
365,Katobu,ID,-4.9408,122.5276,74.82,96,100,5.55,overcast clouds
366,Kununurra,AU,-15.7667,128.7333,78.8,100,100,6.38,overcast clouds
367,Harper,LR,4.375,-7.7169,81.84,78,54,9.35,light rain
368,Dordrecht,NL,51.81,4.6736,36.0,82,100,10.0,overcast clouds
369,Nome,US,64.5011,-165.4064,-13.0,77,1,6.91,clear sky
370,Sayyan,YE,15.1718,44.3244,55.09,39,23,4.36,few clouds
371,Slave Lake,CA,55.2834,-114.769,-5.8,84,1,8.05,mist
372,Rawson,AR,-43.3002,-65.1023,66.22,40,0,15.64,clear sky
373,Rodeo,US,38.033,-122.2669,48.99,76,90,3.71,overcast clouds
374,Tahta,EG,26.7693,31.5021,64.4,34,0,5.75,clear sky
375,Severomuysk,RU,56.1481,113.4267,-36.74,79,0,1.86,clear sky
376,Votkinsk,RU,57.0486,53.9872,27.0,94,100,5.99,snow
377,Carutapera,BR,-1.195,-46.02,82.22,80,87,10.42,overcast clouds
378,Catio,GW,11.2833,-15.25,89.19,32,0,11.59,clear sky
379,Bowen,AU,-20.0167,148.2333,77.0,88,90,8.05,overcast clouds
380,Saint George,US,37.1041,-113.5841,39.99,93,1,1.95,clear sky
381,Lingao,CN,19.9103,109.6859,64.26,90,4,10.54,clear sky
382,Skibbereen,IE,51.55,-9.2667,41.0,87,75,9.22,broken clouds
383,Sola,VU,-13.8833,167.55,81.09,81,98,16.42,overcast clouds
384,Komsomolskiy,UZ,40.4272,71.7189,41.0,30,98,4.61,overcast clouds
385,Yar-Sale,RU,66.8333,70.8333,-25.02,86,100,15.86,light snow
386,La Vergne,US,36.0156,-86.5819,46.99,53,90,4.61,overcast clouds
387,Terralba,IT,39.7192,8.6392,59.0,88,40,8.05,scattered clouds
388,Gushikawa,JP,26.3544,127.8686,59.0,81,75,5.75,broken clouds
389,Toora-Khem,RU,52.4675,96.11,-1.44,83,85,10.51,overcast clouds
390,Port Moresby,PG,-9.4431,147.1797,75.2,94,75,13.8,light rain
391,Tucupita,VE,9.0622,-62.051,81.45,79,61,5.91,broken clouds
392,Dunedin,NZ,-45.8742,170.5036,54.0,81,25,5.01,scattered clouds
393,Yuancheng,CN,36.652,107.7896,28.81,69,99,8.28,overcast clouds
394,Richards Bay,ZA,-28.783,32.0377,77.79,80,85,6.76,overcast clouds
395,Hamilton,US,39.1834,-84.5333,34.0,51,90,9.22,overcast clouds
396,Canberra,AU,-35.2835,149.1281,66.2,88,90,3.44,overcast clouds
397,Maarianhamina,AX,60.0973,19.9348,28.4,74,90,11.5,overcast clouds
398,Khandyga,RU,62.6667,135.6,-51.61,76,55,0.69,broken clouds
399,Vila Velha,BR,-20.3297,-40.2925,87.8,55,20,17.27,few clouds
400,San-Pedro,CI,4.7485,-6.6363,81.09,82,59,9.35,light rain
401,Jumla,NP,29.2747,82.1838,31.37,68,0,3.0,clear sky
402,Hoopstad,ZA,-27.8327,25.9083,78.48,48,89,9.33,overcast clouds
403,Bouafle,CI,6.9904,-5.7442,93.2,46,20,3.13,haze
404,Urumqi,CN,43.801,87.6005,3.2,85,15,1.63,fog
405,Tabou,CI,4.423,-7.3528,81.05,82,45,8.9,moderate rain
406,Hasaki,JP,35.7333,140.8333,26.6,68,20,3.44,few clouds
407,Blagoveshchenka,RU,52.8333,79.8667,6.96,95,10,8.81,clear sky
408,Dongzhen,CN,22.3797,110.9389,60.04,82,0,1.43,clear sky
409,Mareeba,AU,-17.0,145.4333,75.2,83,100,1.72,overcast clouds
410,Yei,SS,4.095,30.6779,81.59,26,8,6.02,clear sky
411,Oktyabrskoye,RU,43.0645,44.7417,37.4,93,75,11.18,broken clouds
412,Kuandian,CN,40.7286,124.7847,6.73,85,15,2.62,few clouds
413,Dargaville,NZ,-35.9333,173.8833,52.72,85,0,2.48,clear sky
414,Bani,DO,18.2833,-70.3333,82.4,69,40,11.5,scattered clouds
415,Verkhnyaya Inta,RU,65.9811,60.3094,0.9,87,100,9.6,overcast clouds
416,Erzin,TR,36.9559,36.2,48.99,94,100,11.99,light rain
417,Omidiyeh,IR,30.7597,49.705,55.4,62,0,9.22,clear sky
418,Ulaanbaatar,MN,47.9077,106.8832,-4.0,77,40,2.24,light snow
419,Bilma,NE,18.6853,12.9164,68.74,20,49,6.29,scattered clouds
420,Mananjary,MG,-21.2167,48.3333,80.37,79,13,8.7,few clouds
421,Garmsar,IR,35.2182,52.3409,50.81,46,62,10.09,broken clouds
422,Kamyaran,IR,34.7956,46.9355,35.6,69,20,11.5,few clouds
423,Fort Nelson,CA,58.8053,-122.7002,-23.8,76,40,1.12,scattered clouds
424,Coahuayana,MX,18.7333,-103.6833,84.2,45,1,3.94,clear sky
425,Nizhniy Kuranakh,RU,58.8353,125.4869,-39.17,78,96,1.68,overcast clouds
426,Hammel,DK,56.2576,9.8632,30.99,89,40,3.0,scattered clouds
427,Don Benito,ES,38.9563,-5.8616,55.0,67,93,11.99,overcast clouds
428,Puerto Leguizamo,CO,-0.1934,-74.7819,91.67,41,67,5.64,broken clouds
429,Peniche,PT,39.3558,-9.3811,57.99,73,69,14.0,broken clouds
430,Plettenberg Bay,ZA,-34.0527,23.3716,70.05,68,3,4.41,clear sky
431,Hami,CN,42.8,93.45,22.19,83,0,1.57,clear sky
432,Westport,US,41.1415,-73.3579,25.0,42,1,12.66,clear sky
433,Roma,US,43.2128,-75.4557,12.99,67,90,4.61,overcast clouds
434,Huescar,ES,37.811,-2.5412,53.01,52,45,5.99,scattered clouds
435,Lata,PT,40.1629,-8.3327,55.99,84,85,5.01,overcast clouds
436,Vostok,RU,46.4856,135.8833,-18.76,88,100,3.62,overcast clouds
437,Doume,CM,4.2333,13.45,85.84,30,73,2.59,broken clouds
438,Caravelas,BR,-17.7125,-39.2481,85.01,53,6,9.28,clear sky
439,Burgersdorp,ZA,-30.9977,26.3286,78.94,17,0,8.86,clear sky
440,Nabire,ID,-3.3667,135.4833,76.23,87,100,2.73,overcast clouds
441,Ugoofaaru,MV,5.6667,73.0,81.57,70,71,9.78,broken clouds
442,Susangerd,IR,31.5608,48.1831,59.0,44,0,6.91,clear sky
443,Marathon,US,44.9,-89.7668,30.99,80,90,11.5,light snow
444,Tarko-Sale,RU,64.9225,77.785,-29.42,83,100,10.04,overcast clouds
445,Sucua,EC,-2.4667,-78.1667,69.8,83,90,5.75,light rain
446,Taman,RU,45.2117,36.7161,44.6,61,95,11.18,overcast clouds
447,Atar,MR,20.5169,-13.0499,88.43,10,26,13.24,scattered clouds
448,Linkou,CN,45.3,130.2833,-19.25,82,0,2.98,clear sky
449,Kamaishi,JP,39.2667,141.8833,27.05,91,5,8.3,clear sky
450,Sasina,BA,44.7987,16.739,46.4,87,0,2.3,clear sky
451,Patitirion,GR,39.15,23.8667,57.2,54,20,17.27,few clouds
452,Longyearbyen,SJ,78.2186,15.6401,-2.2,50,20,20.71,few clouds
453,Erenhot,CN,43.6475,111.9767,15.04,90,0,11.9,clear sky
454,Bairiki,KI,1.3292,172.9752,78.8,83,40,12.66,scattered clouds
455,Yenagoa,NG,4.9247,6.2642,86.47,61,72,11.05,broken clouds
456,Khor,RU,47.8861,134.9464,-18.72,87,75,7.09,broken clouds
457,Jobat,IN,22.4167,74.5667,65.82,26,0,5.08,clear sky
458,Fairbanks,US,64.8378,-147.7164,-7.6,77,90,1.39,light snow
459,Rensvik,NO,63.1,7.8167,32.0,93,75,6.91,snow
460,Perth,AU,-31.9333,115.8333,75.99,38,0,21.85,clear sky
461,Ikot Ekpene,NG,5.1794,7.7108,92.89,34,37,6.02,scattered clouds
462,Zima,RU,53.9202,102.0442,-17.14,85,100,15.03,overcast clouds
463,Heishan,CN,41.6892,122.1128,9.19,84,97,2.66,overcast clouds
464,Sydney,AU,-33.8679,151.2073,72.0,94,40,24.16,scattered clouds
465,Gazojak,TM,41.1875,61.4036,46.29,52,98,6.82,overcast clouds
466,Mehamn,NO,71.0357,27.8492,26.04,97,100,22.15,light snow
467,Macultepec,MX,18.1667,-92.8333,77.0,78,40,13.8,scattered clouds
468,Tongren,CN,27.7172,109.1853,48.27,80,100,2.01,overcast clouds
469,Imeni Poliny Osipenko,RU,52.4201,136.4853,-8.79,91,100,0.51,overcast clouds
470,Batagay,RU,67.6333,134.6333,-46.61,76,90,0.78,overcast clouds
471,Gorontalo,ID,0.5412,123.0595,73.85,88,79,3.6,broken clouds
472,Takoradi,GH,4.8845,-1.7554,83.17,73,6,10.13,light rain
473,Miraflores,MX,19.2167,-98.8083,66.2,39,40,3.44,scattered clouds
474,Gat,IL,31.61,34.7642,55.0,48,0,1.01,clear sky
475,Kalat,PK,29.0225,66.5916,48.58,37,0,7.14,clear sky
476,Springbok,ZA,-29.6643,17.8865,73.76,38,0,9.55,clear sky
477,Zonguldak,TR,41.25,31.8333,38.21,91,100,5.37,overcast clouds
478,Tabas,IR,33.5959,56.9244,60.51,43,98,7.76,overcast clouds
479,Cam Ranh,VN,11.9214,109.1591,73.4,73,20,9.22,few clouds
480,Kitimat,CA,54.0524,-128.6534,21.99,88,97,5.32,overcast clouds
481,Chara,RU,56.9064,118.2631,-31.81,76,89,0.74,overcast clouds
482,Warrnambool,AU,-38.3833,142.4833,55.09,82,8,6.02,clear sky
483,Sinnamary,GF,5.3833,-52.95,80.24,86,90,14.99,light rain
484,Russell,US,32.3502,-85.1999,55.4,44,1,10.36,clear sky
485,Vila Franca Do Campo,PT,37.7167,-25.4333,64.99,94,40,16.11,scattered clouds
486,Kingman,US,35.1894,-114.053,41.0,65,1,5.75,clear sky
487,Kurbnesh,AL,41.7797,20.0836,48.2,81,0,3.44,clear sky
488,Huilong,CN,31.8111,121.655,51.01,73,88,3.0,light rain
489,Cua,VE,10.1589,-66.8858,87.8,70,20,5.19,few clouds
490,Barranca,PE,-10.75,-77.7667,75.11,65,100,9.71,overcast clouds
491,Nushki,PK,29.5542,66.0215,60.39,24,1,5.37,clear sky
492,Praia Da Vitoria,PT,38.7333,-27.0667,66.2,82,75,26.89,broken clouds
493,Kirakira,SB,-10.4544,161.9205,77.81,86,100,7.0,overcast clouds
494,Luwuk,ID,-0.9516,122.7875,77.85,64,100,4.99,overcast clouds
495,Wairoa,NZ,-39.0333,177.3667,55.99,78,66,1.99,broken clouds
496,Swellendam,ZA,-34.0226,20.4417,77.92,45,0,9.95,clear sky
497,Yantzaza,EC,-3.8278,-78.7594,83.39,51,63,3.44,light rain
498,Arlington Heights,US,42.0884,-87.9806,33.8,55,90,11.5,overcast clouds
499,Asyut,EG,27.181,31.1837,62.6,45,0,4.61,clear sky
500,Acapulco,MX,16.8634,-99.8901,89.6,43,75,3.44,broken clouds
501,Kemijarvi,FI,66.7131,27.4306,10.49,95,100,5.61,light snow
502,Hirado,JP,33.3597,129.5531,42.01,81,62,8.99,broken clouds
503,Ravar,IR,31.2656,56.8055,61.18,34,2,22.08,clear sky
504,Saint-Denis,FR,48.9167,2.3333,52.0,87,75,3.44,broken clouds
505,Santa Marta,CO,11.2408,-74.199,95.0,45,18,1.99,few clouds
506,Bathsheba,BB,13.2167,-59.5167,84.2,61,40,14.97,scattered clouds
507,Ephrata,US,40.1798,-76.1788,30.99,37,1,9.22,clear sky
508,Brookings,US,44.3114,-96.7984,26.6,93,90,8.05,mist
509,Sijunjung,ID,-0.6876,100.9537,72.48,88,100,1.14,overcast clouds
510,College,US,64.8569,-147.8028,-7.6,77,90,1.21,light snow
511,Ewa Beach,US,21.3156,-158.0072,71.6,83,1,3.44,light rain
512,Dryden,CA,49.7833,-92.7503,19.4,86,90,6.91,light snow
513,Karratha,AU,-20.7377,116.8463,85.17,55,89,13.8,overcast clouds
514,Lufilufi,WS,-13.8745,-171.5986,80.6,89,90,10.36,light intensity drizzle
515,San Cristobal,VE,7.7669,-72.225,82.4,61,40,11.5,scattered clouds
516,Fairhope,US,30.523,-87.9033,64.0,55,1,12.66,clear sky
517,Portobelo,PA,9.55,-79.65,82.0,69,38,15.99,scattered clouds
518,Remontnoye,RU,46.5614,43.6501,35.6,93,14,15.66,few clouds
519,Geraldton,AU,-28.7667,114.6,86.0,25,0,11.5,clear sky
520,Novikovo,RU,51.1537,37.8879,28.33,98,100,8.39,snow
521,Darhan,MN,49.4867,105.9228,5.63,89,93,1.25,overcast clouds
522,Agadez,NE,19.75,10.25,60.93,28,0,1.74,clear sky
523,Malaya Vishera,RU,58.8454,32.2222,25.32,98,95,7.61,snow
524,Biltine,TD,14.5333,20.9167,80.53,16,0,9.82,clear sky
525,Tezu,IN,27.9167,96.1667,58.33,52,29,3.91,scattered clouds
526,Kadoma,JP,34.7333,135.5833,43.0,52,2,6.71,light rain
527,Shingu,JP,33.7333,135.9833,40.71,79,18,5.55,few clouds
528,Zhangjiakou,CN,40.81,114.8794,23.47,82,0,0.89,clear sky
529,Pampierstad,ZA,-27.7832,24.6877,83.7,34,31,0.38,scattered clouds
530,Sicuani,PE,-14.2694,-71.2261,58.75,52,82,7.2,broken clouds
531,Alofi,NU,-19.0595,-169.9187,75.2,94,100,8.05,light rain
532,Kungurtug,RU,50.5994,97.5228,0.27,85,42,7.94,scattered clouds
533,Kutum,SD,14.2,24.6667,66.16,23,0,11.63,clear sky
534,Winsum,NL,53.33,6.5208,30.0,90,82,9.33,broken clouds
535,Novopokrovka,UA,49.8425,36.5477,33.8,93,90,11.18,moderate rain
536,Kabanjahe,ID,3.1001,98.4908,77.0,100,40,3.44,mist
537,Itainopolis,BR,-7.4469,-41.4783,92.07,39,100,7.29,overcast clouds
538,Raudeberg,NO,61.9875,5.1352,33.01,93,93,7.81,snow
539,Nantucket,US,41.2835,-70.0995,19.4,68,20,14.97,few clouds
540,Ewo,CG,-0.8725,14.8206,75.11,81,100,3.6,overcast clouds
541,Kampene,CD,-3.6,26.6667,74.44,85,93,1.57,light rain
542,Carauari,BR,-4.8828,-66.8958,91.35,55,20,4.14,few clouds
543,Berlevag,NO,70.8578,29.0864,25.77,96,100,23.53,light snow
544,Red Deer,CA,52.2668,-113.802,1.4,77,1,4.61,clear sky
545,Araripina,BR,-7.5761,-40.4983,78.87,67,100,5.79,moderate rain
546,Turayf,SA,31.6725,38.6637,48.2,76,0,4.61,clear sky
547,Tucumcari,US,35.1717,-103.725,51.8,28,1,28.77,clear sky
548,Praia,CV,14.9215,-23.5087,80.6,44,0,18.41,clear sky
549,Bouna,CI,9.2667,-3.0,98.65,9,8,5.79,clear sky
550,Eydhafushi,MV,5.1033,73.0708,81.43,70,42,10.11,scattered clouds
551,Surgut,RU,61.25,73.4167,-23.8,76,40,13.42,scattered clouds
552,Codajas,BR,-3.8367,-62.0569,83.53,81,97,4.52,overcast clouds
553,Srednekolymsk,RU,67.45,153.6833,-40.7,81,65,2.17,broken clouds
554,Bodden Town,KY,19.2833,-81.25,80.6,57,40,18.41,scattered clouds
555,Olga,RU,43.7444,135.2892,-2.31,81,0,10.85,clear sky
556,Devarkonda,IN,16.7,78.9333,72.97,54,19,5.64,few clouds
557,Whyalla,AU,-33.0333,137.5833,66.2,72,100,12.66,overcast clouds
558,Charters Towers,AU,-20.1,146.2667,72.91,84,96,5.01,overcast clouds
559,Comodoro Rivadavia,AR,-45.8667,-67.5,64.4,45,20,6.91,few clouds
560,Chern,RU,53.4523,36.9145,23.43,97,100,11.25,light snow
561,Grand-Santi,GF,4.25,-54.3833,81.1,90,47,3.87,scattered clouds
562,Cap Malheureux,MU,-19.9842,57.6142,79.0,81,0,3.0,clear sky
563,Loveland,US,40.3978,-105.075,48.99,31,1,16.11,clear sky
564,Simbahan,PH,6.3032,120.5836,81.57,77,90,23.47,overcast clouds
565,Huarmey,PE,-10.0681,-78.1522,77.04,60,92,12.06,overcast clouds
566,Jhunjhunun,IN,28.1307,75.4014,53.8,36,0,2.48,clear sky
567,Maloy,NO,61.9353,5.1136,33.01,100,75,5.75,snow
568,Ahuimanu,US,21.4447,-157.8378,73.4,73,75,14.97,light rain
569,Phalodi,IN,27.1333,72.3667,57.47,26,0,3.42,clear sky
570,Langres,FR,47.8333,5.3333,48.99,89,100,7.49,overcast clouds
571,Valdivia,CL,-39.8142,-73.2459,71.6,46,0,3.44,clear sky
572,Gravdal,NO,68.1214,13.5031,26.55,88,1,6.17,clear sky
573,Mao,ES,39.8885,4.2658,57.2,67,40,10.36,scattered clouds
574,Pailon,BO,-17.65,-62.75,88.11,53,46,18.75,scattered clouds
575,Maues,BR,-3.3836,-57.7186,89.58,58,59,2.39,light rain
576,Yarmouth,US,41.7057,-70.2286,19.99,63,75,10.36,broken clouds
577,Manoel Urbano,BR,-8.8389,-69.2597,83.5,83,49,3.78,scattered clouds
578,Kapit,MY,2.0167,112.9333,74.34,95,100,0.92,heavy intensity rain
579,Sao Jose De Ribamar,BR,-2.5619,-44.0542,89.6,66,40,17.27,scattered clouds
580,Pathein,MM,16.7833,94.7333,71.69,60,32,4.52,scattered clouds
581,Chake Chake,TZ,-5.2459,39.7666,78.98,79,100,11.7,overcast clouds
582,Delmiro Gouveia,BR,-9.3886,-37.9992,91.96,37,100,9.51,heavy intensity rain
583,Anzio,IT,41.4853,12.6179,55.99,81,56,3.0,broken clouds
584,Mizan Teferi,ET,6.9833,35.5833,68.94,62,51,0.6,broken clouds
585,Viseu,PT,40.661,-7.9097,50.0,90,85,10.0,overcast clouds
586,Nigde,TR,37.8333,34.75,29.21,97,100,8.46,light snow
587,Cervo,ES,43.6702,-7.4101,54.0,85,77,14.0,broken clouds
588,Seondha,IN,26.1578,78.7797,52.72,42,0,1.34,clear sky
589,Rolla,US,37.9514,-91.7713,39.99,93,90,18.41,moderate rain
590,Taltal,CL,-25.4,-70.4833,71.69,55,9,4.92,clear sky
591,Linares,CL,-35.85,-71.6,60.91,95,100,3.02,overcast clouds
592,Bahia Honda,CU,22.9036,-83.1592,73.2,59,9,11.36,clear sky
593,Goundam,ML,16.4145,-3.6708,89.19,11,0,9.86,clear sky
594,Kieta,PG,-6.2167,155.6333,81.48,80,88,14.12,light rain
595,Coihaique,CL,-45.5752,-72.0662,66.2,39,20,10.36,few clouds
596,Tornio,FI,65.8481,24.1466,14.0,85,90,9.22,light snow
597,Pitimbu,BR,-7.4706,-34.8086,87.8,58,40,14.97,scattered clouds
598,Masalli,KR,34.7959,126.6553,32.0,100,2,6.91,fog
599,Whitehorse,CA,60.7161,-135.0538,-9.0,84,75,0.6,broken clouds
600,Porto Walter,BR,-8.2686,-72.7439,72.43,98,100,3.38,overcast clouds
601,Macia,MZ,-25.0269,33.0989,78.26,80,13,7.49,few clouds
602,Saint-Joseph,RE,-21.3667,55.6167,80.6,65,0,9.22,light rain
603,Monte Patria,CL,-30.6919,-70.9467,87.89,18,3,12.33,clear sky
604,Margate,GB,51.3813,1.3862,41.0,96,100,7.0,overcast clouds
605,Sovetskiy,RU,61.3614,63.5842,-4.9,92,100,4.36,light snow
606,Letlhakane,BW,-21.4167,25.5833,82.24,52,60,0.49,broken clouds
607,Sobolevo,RU,54.4299,31.8996,21.33,97,100,11.41,light snow
608,Groningen,NL,53.25,6.75,30.0,86,20,8.05,few clouds
609,Korla,CN,41.7597,86.1469,25.0,79,0,5.93,clear sky
610,Oktyabrskiy,RU,54.4815,53.471,24.69,96,100,10.22,overcast clouds
611,Gizo,SB,-8.103,156.8419,83.68,78,71,18.86,broken clouds
612,Mbandaka,CD,0.0487,18.2603,75.94,88,69,10.76,moderate rain
613,Bom Jesus,BR,-9.0744,-44.3586,93.54,35,35,8.43,scattered clouds
614,Janow Lubelski,PL,50.707,22.4104,27.0,92,100,5.01,light snow
615,Mehran,IR,33.1222,46.1646,35.6,80,40,6.91,scattered clouds
616,La Union,PE,-5.4,-80.75,88.02,40,5,8.48,clear sky
617,Pimentel,PE,-6.8367,-79.9342,82.4,54,0,13.8,clear sky
618,Comarapa,BO,-17.9,-64.4833,68.36,69,59,8.57,broken clouds
619,Noumea,NC,-22.2763,166.4572,68.0,83,40,9.64,scattered clouds
620,Artyom,AZ,40.4723,50.333,42.8,87,90,9.22,overcast clouds
621,Chaiyaphum,TH,15.75,102.0,72.5,51,26,6.69,scattered clouds
622,Paciran,ID,-6.8767,112.3761,77.43,86,100,7.9,light rain
623,Hanzhong,CN,33.0728,107.0303,43.99,56,92,0.83,overcast clouds
624,Chifeng,CN,42.2683,118.9636,1.67,89,41,1.28,scattered clouds
625,Sambava,MG,-14.2667,50.1667,79.84,78,33,2.66,scattered clouds
626,Wanning,CN,18.8003,110.3967,68.2,87,38,10.07,scattered clouds
627,Xinqing,CN,48.2333,129.5,-24.48,83,0,2.21,clear sky
628,Ilam,NP,26.9167,87.9167,46.94,64,4,4.47,clear sky
629,Urucara,BR,-2.5364,-57.76,86.83,68,13,4.54,few clouds
630,Luancheng,CN,37.8792,114.6517,28.4,80,100,6.71,overcast clouds
631,Talcahuano,CL,-36.7167,-73.1167,66.2,82,75,1.14,broken clouds
632,Coos Bay,US,43.3665,-124.2179,46.99,100,90,5.75,overcast clouds
633,Nakhon Phanom,TH,17.3333,104.4167,64.67,73,48,8.19,scattered clouds
634,Jacareacanga,BR,-6.2222,-57.7528,76.73,87,100,3.04,overcast clouds
635,Catamarca,AR,-28.4696,-65.7852,72.0,83,59,19.53,broken clouds
636,Am Timan,TD,11.0297,20.2827,85.98,15,0,5.39,clear sky
637,Paranaiba,BR,-19.6772,-51.1908,89.53,50,72,6.29,broken clouds
638,Neuquen,AR,-38.9516,-68.0591,73.4,53,75,3.44,broken clouds
639,Yarensk,RU,62.1675,49.0916,26.4,98,99,7.83,light snow
640,Saladoblanco,CO,1.9924,-76.0434,80.04,49,76,3.65,broken clouds
641,Lashio,MM,22.9333,97.75,53.22,65,2,1.81,clear sky
642,Suksun,RU,57.1431,57.3949,21.33,97,100,6.87,overcast clouds
643,Kizukuri,JP,40.8061,140.3861,28.99,38,99,17.0,overcast clouds
644,Ejea De Los Caballeros,ES,42.1263,-1.1372,59.0,76,20,14.97,few clouds
645,Namibe,AO,-15.1961,12.1522,75.81,71,88,12.17,overcast clouds
646,Antalaha,MG,-14.9003,50.2788,79.05,79,42,1.92,scattered clouds
647,Azare,NG,11.6765,10.1948,82.24,15,3,7.49,clear sky
648,Half Moon Bay,US,37.4636,-122.4286,51.01,87,90,6.11,overcast clouds
649,El Carrizo,MX,24.0261,-106.8814,80.78,38,0,3.09,clear sky
650,Kambove,CD,-10.8764,26.5969,65.91,92,100,0.63,overcast clouds
651,Whitianga,NZ,-36.8333,175.7,53.01,81,0,1.01,clear sky
652,Husavik,IS,66.0449,-17.3389,19.4,63,75,6.91,broken clouds
653,Zheleznodorozhnyy,RU,55.7503,38.0042,28.4,74,75,11.18,snow
654,Lukang,TW,24.0567,120.4352,59.0,94,20,2.3,mist
655,Timmins,CA,48.4669,-81.3331,1.4,78,75,2.3,broken clouds
656,Cienfuegos,CU,22.1461,-80.4356,77.0,47,20,13.8,few clouds
657,Zlobin,HR,45.2924,14.6541,48.99,81,75,4.61,broken clouds
658,Tiarei,PF,-17.5333,-149.3333,78.8,69,75,5.75,light rain
659,Nelson Bay,AU,-32.7167,152.15,69.01,100,9,1.14,clear sky
660,Salamiyah,SY,35.0113,37.0532,50.11,65,98,12.82,overcast clouds
661,Necochea,AR,-38.5473,-58.7368,69.01,47,100,15.14,overcast clouds
662,Port Macquarie,AU,-31.4333,152.9167,70.0,99,29,8.63,scattered clouds
663,Shubarshi,KZ,48.5872,57.1869,17.94,95,65,5.37,broken clouds
664,Aksarka,RU,66.5606,67.7975,-21.77,85,100,10.2,overcast clouds
665,Muisne,EC,0.6,-80.0333,80.6,94,90,3.44,light rain
666,Gomba,HU,47.3709,19.5306,44.01,75,0,4.61,clear sky
667,Bandarbeyla,SO,9.4942,50.8122,75.02,71,0,14.38,clear sky
668,Lidzbark Warminski,PL,54.1259,20.5795,24.75,96,100,7.61,overcast clouds
669,Kaiyuan,CN,23.6977,103.3037,51.17,88,5,5.79,clear sky
670,Krasnoarmeysk,RU,51.0239,45.6969,33.01,94,100,1.01,overcast clouds
671,Banff,CA,51.1762,-115.5698,17.6,85,83,4.61,broken clouds
672,Qaqortoq,GL,60.7167,-46.0333,41.0,30,75,35.68,broken clouds
673,Harlingen,US,26.1906,-97.6961,80.6,61,40,29.93,scattered clouds
674,Orange Cove,US,36.6244,-119.3137,48.99,100,1,4.61,clear sky
675,Sakakah,SA,29.9697,40.2064,51.8,35,0,5.19,clear sky
676,Visby,SE,57.6409,18.296,27.0,86,90,14.97,overcast clouds
677,Tomari,RU,47.7658,142.0683,13.35,94,100,15.46,snow
678,Zirl,AT,47.3028,11.2745,41.0,93,75,4.61,light rain
679,Flinders,AU,-34.5833,150.8552,72.0,86,51,5.99,broken clouds
680,Jodhpur,IN,26.2867,73.03,52.57,44,0,1.57,clear sky
681,Ilo,PE,-17.6394,-71.3375,75.2,69,0,8.05,clear sky
682,Shahrud,IR,36.4182,54.9763,42.91,62,100,2.24,overcast clouds
683,Escanaba,US,45.7453,-87.0646,28.4,74,90,13.8,overcast clouds
684,Oxford,GB,51.7522,-1.256,37.4,93,90,19.57,overcast clouds
685,Poshtove,UA,44.8311,33.9545,50.0,39,84,5.01,broken clouds
686,Samoylovka,RU,51.184,43.7081,30.31,99,99,7.52,overcast clouds
687,Bosaso,SO,11.2842,49.1816,73.67,73,0,6.31,clear sky
688,Tromso,NO,69.6496,18.957,19.0,79,0,3.44,clear sky
689,Kapitanivka,UA,48.9172,31.7167,36.55,97,100,12.68,overcast clouds
690,Minab,IR,27.1467,57.0801,71.6,64,40,4.61,scattered clouds
691,Barra Do Garcas,BR,-15.89,-52.2567,91.4,55,40,4.61,scattered clouds
692,Berdigestyakh,RU,62.0989,126.6992,-49.76,76,54,1.61,broken clouds
